[

    {
        "Name": "Associations",
        "Ambiences": [
            {
                "Name": "Fathomking",
                "AreaId": 101996,
                "Area": null,
                "PrefabName": "Underwater",
                "MusicTrackName": null
            },
            {
                "Name": "The Surface",
                "AreaId": 102882,
                "Area": null,
                "PrefabName": "Surface",
                "MusicTrackName": "BustlingLondon"
            },
            {
                "Name": "Victory Legacy",
                "AreaId": 0,
                "Area": null,
                "PrefabName": "Wolfstack",
                "MusicTrackName": "VictoryMusic"
            },
            {
                "Name": "Loss Legacy",
                "AreaId": 0,
                "Area": null,
                "PrefabName": "Underwater",
                "MusicTrackName": "DeathMusic"
            },
            {
                "Name": "ShatteredCitadel",
                "AreaId": 104546,
                "Area": null,
                "PrefabName": "Godfall",
                "MusicTrackName": null
            },
            {
                "Name": "Whispways",
                "AreaId": 104545,
                "Area": null,
                "PrefabName": "Mangrove",
                "MusicTrackName": null
            },
            {
                "Name": "GoEast",
                "AreaId": 104181,
                "Area": null,
                "PrefabName": "Worldsend",
                "MusicTrackName": "OceanaLonissimusLeah"
            },
            {
                "Name": "Vienna",
                "AreaId": 104588,
                "Area": null,
                "PrefabName": "Vienna",
                "MusicTrackName": "SpookyUpLead"
            },
            {
                "Name": "Funeral",
                "AreaId": 105136,
                "Area": null,
                "PrefabName": "Funeral",
                "MusicTrackName": "VictoryMusic"
            },
            {
                "Name": "Wineglasses",
                "AreaId": 105137,
                "Area": null,
                "PrefabName": "Wineglasses",
                "MusicTrackName": "VictoryMusic"
            },
            {
                "Name": "Kingdom",
                "AreaId": 105138,
                "Area": null,
                "PrefabName": "Garden",
                "MusicTrackName": "VictoryMusic"
            },
            {
                "Name": "Turn into a zee-monster",
                "AreaId": 105139,
                "Area": null,
                "PrefabName": "ZeeMonster",
                "MusicTrackName": "VictoryMusic"
            },
            {
                "Name": "Stargate",
                "AreaId": 105140,
                "Area": null,
                "PrefabName": "Stargate",
                "MusicTrackName": "VictoryMusic"
            },
            {
                "Name": "Zeppelin",
                "AreaId": 105141,
                "Area": null,
                "PrefabName": "Underwater",
                "MusicTrackName": "VictoryMusic"
            }
        ],
        "JettisonEvents": [
            {
                "Name": "Eject the Shady Sort",
                "QualityId": 111745,
                "Quality": null,
                "Tooltip": "Captain! What are you thinking?"
            },
            {
                "Name": "Eject the Checquered Character",
                "QualityId": 112728,
                "Quality": null,
                "Tooltip": "Wrong move!"
            },
            {
                "Name": "Eject the Unsettling Sage",
                "QualityId": 109347,
                "Quality": null,
                "Tooltip": "No no no. We shall do... wonderful things together."
            },
            {
                "Name": "Eject the Delightful Adventuress",
                "QualityId": 114766,
                "Quality": null,
                "Tooltip": "I don't _think_ so."
            },
            {
                "Name": "Eject the Wan Sculptor",
                "QualityId": 555049,
                "Quality": null,
                "Tooltip": "Ex-CUSE me!?"
            }
        ],
        "LegacyUnlockQualities": [
            {
                "Name": "A Ironclad Will",
                "Description": "Your next character inherits your Lodgings, along with any Heirlooms you have stored there.",
                "Tooltip": "Upgrade your Lodgings and purchase a Will.",
                "UnlockQualityId": 110641,
                "UnlockQuality": null,
                "QualityToIncreaseId": 0,
                "QualityToIncrease": null,
                "IncreaseLevel": 0,
                "AdditionalLegaciesAllowed": 0,
                "Order": 1
            },
            {
                "Name": "A Scion",
                "Description": "This time, you can choose two legacies.",
                "Tooltip": "Raise a child, and bring it gifts from the zee.",
                "UnlockQualityId": 114230,
                "UnlockQuality": null,
                "QualityToIncreaseId": 0,
                "QualityToIncrease": null,
                "IncreaseLevel": 0,
                "AdditionalLegaciesAllowed": 1,
                "Order": 2
            },
            {
                "Name": "Horizon Codex",
                "Description": "Increases your starting Pages by +25.",
                "Tooltip": "Go North.",
                "UnlockQualityId": 113320,
                "UnlockQuality": null,
                "QualityToIncreaseId": 102898,
                "QualityToIncrease": null,
                "IncreaseLevel": 25,
                "AdditionalLegaciesAllowed": 0,
                "Order": 3
            },
            {
                "Name": "Boke of Sharps",
                "Description": "Increases your starting Iron by +25.",
                "Tooltip": "Raise the Anarchists to prominence.",
                "UnlockQualityId": 113575,
                "UnlockQuality": null,
                "QualityToIncreaseId": 102894,
                "QualityToIncrease": null,
                "IncreaseLevel": 25,
                "AdditionalLegaciesAllowed": 0,
                "Order": 4
            },
            {
                "Name": "A Travelling Light",
                "Description": "Increases your starting Mirrors by +25.",
                "Tooltip": "Rise high and go east.",
                "UnlockQualityId": 114084,
                "UnlockQuality": null,
                "QualityToIncreaseId": 102895,
                "QualityToIncrease": null,
                "IncreaseLevel": 25,
                "AdditionalLegaciesAllowed": 0,
                "Order": 5
            },
            {
                "Name": "A Dream of Red",
                "Description": "Increases your starting Hearts by +25.",
                "Tooltip": "Carry a lost sister to her homeland.",
                "UnlockQualityId": 114086,
                "UnlockQuality": null,
                "QualityToIncreaseId": 102897,
                "QualityToIncrease": null,
                "IncreaseLevel": 25,
                "AdditionalLegaciesAllowed": 0,
                "Order": 6
            },
            {
                "Name": "Manual of Miracles",
                "Description": "Increases your starting Veils by +25.",
                "Tooltip": "While forgotten, find one who is forgotten.",
                "UnlockQualityId": 114087,
                "UnlockQuality": null,
                "QualityToIncreaseId": 102896,
                "QualityToIncrease": null,
                "IncreaseLevel": 25,
                "AdditionalLegaciesAllowed": 0,
                "Order": 7
            },
            {
                "Name": "An Adumbration of Her Heart",
                "Description": "Increases your starting Pages by +10.",
                "Tooltip": "Behold Her Ladyship.",
                "UnlockQualityId": 128853,
                "UnlockQuality": null,
                "QualityToIncreaseId": 102898,
                "QualityToIncrease": null,
                "IncreaseLevel": 10,
                "AdditionalLegaciesAllowed": 0,
                "Order": 8
            }
        ],
        "TradeRoutes": [
            {
                "Name": "London > Palmerston",
                "ShipNames": [
                    "TraderTrampSteamer",
                    "TraderCaligo"
                ],
                "OriginPortName": "FallenLondon",
                "DestinationPortName": "MountPalmerston"
            },
            {
                "Name": "AdamsWay > London",
                "ShipNames": [
                    "TraderTrampSteamer",
                    "TraderCaligo"
                ],
                "OriginPortName": "ApisPort",
                "DestinationPortName": "FallenLondon"
            },
            {
                "Name": "Carnelian > Khan",
                "ShipNames": [
                    "TraderTrampSteamer",
                    "TraderCaligo"
                ],
                "OriginPortName": "PortCarnelian",
                "DestinationPortName": "KhansHeart"
            },
            {
                "Name": "Venderbight > Palmerston",
                "ShipNames": [
                    "TraderTrampSteamer",
                    "TraderCaligo"
                ],
                "OriginPortName": "Venderbight",
                "DestinationPortName": "MountPalmerston"
            },
            {
                "Name": "Palmerston > Khan",
                "ShipNames": [
                    "TraderTrampSteamer",
                    "TraderCaligo"
                ],
                "OriginPortName": "MountPalmerston",
                "DestinationPortName": "KhansHeart"
            },
            {
                "Name": "London > Khan",
                "ShipNames": [
                    "TraderTrampSteamer",
                    "TraderCaligo"
                ],
                "OriginPortName": "FallenLondon",
                "DestinationPortName": "KhansHeart"
            },
            {
                "Name": "Carnelian > Venderbight",
                "ShipNames": [
                    "TraderTrampSteamer",
                    "TraderCaligo"
                ],
                "OriginPortName": "PortCarnelian",
                "DestinationPortName": "Venderbight"
            },
            {
                "Name": "London > Carnelian",
                "ShipNames": [
                    "TraderTrampSteamer",
                    "TraderCaligo"
                ],
                "OriginPortName": "FallenLondon",
                "DestinationPortName": "PortCarnelian"
            },
            {
                "Name": "Khan > AdamsWay",
                "ShipNames": [
                    "TraderTrampSteamer",
                    "TraderCaligo"
                ],
                "OriginPortName": "KhansHeart",
                "DestinationPortName": "ApisPort"
            }
        ],
        "UnlegacyableOfficers": [
            {
                "Name": "Longshanks",
                "QualityId": 107458,
                "Quality": null
            },
            {
                "Name": "Sly",
                "QualityId": 107459,
                "Quality": null
            },
            {
                "Name": "ShadyCook",
                "QualityId": 107460,
                "Quality": null
            },
            {
                "Name": "GallEyed",
                "QualityId": 107461,
                "Quality": null
            },
            {
                "Name": "Plausible",
                "QualityId": 107462,
                "Quality": null
            },
            {
                "Name": "WhistfulDeviless",
                "QualityId": 109475,
                "Quality": null
            },
            {		// The Pirate Poet
                "Name": "PiratePoet",
                "QualityId": 876006,
                "Quality": null
            },
            {		// The Imprisoned Modiste
                "Name": "ImprisonedModiste",
                "QualityId": 876047,
                "Quality": null
            }
        ]
    }

]