[
	{
		"Name": "Rancid",
		"QualityRequired": null,
		"QualityRequiredId": 555001,
		"QualityCost": null,
		"QualityCostId": 110431,
		"ExposedQuality": null,
		"ExposedQualityId": 0,
		"Image": "launcher_green_square",
		"Description": null,
		"RammingAttack": false,
		"OnlyWhenExposed": false,
		"Range": 200,
		"Orientation": 180,
		"Arc": 80,
		"BaseHullDamage": 4,
		"BaseLifeDamage": 26,
		"ExposedQualityDamage": -7,
		"StaggerAmount": 4,
		"BaseWarmUp": 8,
		"Animation": "TorpedoSmall",
		"AnimationNumber": 0
	},
		{
		"Name": "Shattering",
		"QualityRequired": null,
		"QualityRequiredId": 555002,
		"QualityCost": null,
		"QualityCostId": 0,
		"ExposedQuality": null,
		"ExposedQualityId": 0,
		"Image": "gun_basic_square",
		"Description": null,
		"RammingAttack": false,
		"OnlyWhenExposed": false,
		"Range": 100,
		"Orientation": 0,
		"Arc": 280,
		"BaseHullDamage": 20,
		"BaseLifeDamage": 20,
		"ExposedQualityDamage": -5,
		"StaggerAmount": 4,
		"BaseWarmUp": 8,
		"Animation": "SalvoSmall",
		"AnimationNumber": 0
	},
			{
		"Name": "Falcon",
		"QualityRequired": null,
		"QualityRequiredId": 555003,
		"QualityCost": null,
		"QualityCostId": 0,
		"ExposedQuality": null,
		"ExposedQualityId": 0,
		"Image": "gun_darkblue_square",
		"Description": null,
		"RammingAttack": false,
		"OnlyWhenExposed": false,
		"Range": 300,
		"Orientation": 0,
		"Arc": 25,
		"BaseHullDamage": 48,
		"BaseLifeDamage": 24,
		"ExposedQualityDamage": -1,
		"StaggerAmount": 6,
		"BaseWarmUp": 12,
		"Animation": "SalvoBig",
		"AnimationNumber": 0
	},
				{
		"Name": "Scalpel",
		"QualityRequired": null,
		"QualityRequiredId": 555004,
		"QualityCost": null,
		"QualityCostId": 0,
		"ExposedQuality": null,
		"ExposedQualityId": 0,
		"Image": "flenser_blue_square",
		"Description": null,
		"RammingAttack": false,
		"OnlyWhenExposed": false,
		"Range": 300,
		"Orientation": 0,
		"Arc": 25,
		"BaseHullDamage": 12,
		"BaseLifeDamage": 22,
		"ExposedQualityDamage": -3,
		"StaggerAmount": 6,
		"BaseWarmUp": 10,
		"Animation": "FlensingSalvoSmall",
		"AnimationNumber": 0
	},
					{
		"Name": "Monkey",
		"QualityRequired": null,
		"QualityRequiredId": 555005,
		"QualityCost": null,
		"QualityCostId": 0,
		"ExposedQuality": null,
		"ExposedQualityId": 0,
		"Image": "gun_yellow_square",
		"Description": null,
		"RammingAttack": false,
		"OnlyWhenExposed": false,
		"Range": 250,
		"Orientation": 60,
		"Arc": 55,
		"BaseHullDamage": 15,
		"BaseLifeDamage": 15,
		"ExposedQualityDamage": -2,
		"StaggerAmount": 0,
		"BaseWarmUp": 10,
		"Animation": "FlensingSalvoSmall",
		"AnimationNumber": 0
	},
					{
		"Name": "Ziren",
		"QualityRequired": null,
		"QualityRequiredId": 555006,
		"QualityCost": null,
		"QualityCostId": 0,
		"ExposedQuality": null,
		"ExposedQualityId": 0,
		"Image": "flenser_blue_square",
		"Description": null,
		"RammingAttack": false,
		"OnlyWhenExposed": false,
		"Range": 160,
		"Orientation": 0,
		"Arc": 360,
		"BaseHullDamage": 10,
		"BaseLifeDamage": 22,
		"ExposedQualityDamage": -3,
		"StaggerAmount": 2,
		"BaseWarmUp": 10,
		"Animation": "Correspondence",
		"AnimationNumber": 0
	},
						{
		"Name": "FlightFluke",
		"QualityRequired": null,
		"QualityRequiredId": 555007,
		"QualityCost": null,
		"QualityCostId": 109652,
		"ExposedQuality": null,
		"ExposedQualityId": 0,
		"Image": "launcher_purple_square",
		"Description": null,
		"RammingAttack": false,
		"OnlyWhenExposed": false,
		"Range": 250,
		"Orientation": 0,
		"Arc": 50,
		"BaseHullDamage": 400,
		"BaseLifeDamage": 400,
		"ExposedQualityDamage": -3,
		"StaggerAmount": 6,
		"BaseWarmUp": 10,
		"Animation": "SalvoBig",
		"AnimationNumber": 0
	},
{
	"Name": "Grief",
	"QualityRequired": null,
	"QualityRequiredId": 555033,
	"QualityCost": null,
	"QualityCostId": 108656,
	"ExposedQuality": null,
	"ExposedQualityId": 0,
	"Image": "potentflare_ability",
	"Description": null,
	"RammingAttack": false,
	"OnlyWhenExposed": false,
	"Range": 250,
	"Orientation": 0,
	"Arc": 50,
	"BaseHullDamage": 10,
	"BaseLifeDamage": 50,
	"ExposedQualityDamage": -10,
	"StaggerAmount": 2,
	"BaseWarmUp": 8,
	"Animation": "BeamWhite",
	"AnimationNumber": 0
},
{
		"Name": "Inferno",
		"QualityRequired": null,
		"QualityRequiredId": 555037,
		"QualityCost": null,
		"QualityCostId": 0,
		"ExposedQuality": null,
		"ExposedQualityId": 0,
		"Image": "gun_basic_square",
		"Description": null,
		"RammingAttack": false,
		"OnlyWhenExposed": false,
		"Range": 100,
		"Orientation": 0,
		"Arc": 280,
		"BaseHullDamage": 1,
		"BaseLifeDamage": 2,
		"ExposedQualityDamage": -1,
		"StaggerAmount": 0,
		"BaseWarmUp": 4,
		"Animation": "SalvoSmall",
		"AnimationNumber": 0
},
{
		"Name": "Alcyon",
		"QualityRequired": null,
		"QualityRequiredId": 556017,
		"QualityCost": null,
		"QualityCostId": 0,
		"ExposedQuality": null,
		"ExposedQualityId": 0,
		"Image": "devastatingsalvo_ability",
		"Description": null,
		"RammingAttack": false,
		"OnlyWhenExposed": false,
		"Range": 250,
		"Orientation": 0,
		"Arc": 50,
		"BaseHullDamage": 75,
		"BaseLifeDamage": 100,
		"ExposedQualityDamage": -5,
		"StaggerAmount": 8,
		"BaseWarmUp": 20,
		"Animation": "SalvoBig",
		"AnimationNumber": 0
},
{
	"Name": "GoldenGunDeck",
	"QualityRequired": null,
	"QualityRequiredId": 555039,
	"QualityCost": null,
	"QualityCostId": 0,
	"ExposedQuality": null,
	"ExposedQualityId": 0,
	"Image": null,
	"Description": null,
	"RammingAttack": false,
	"OnlyWhenExposed": false,
	"Range": 140,
	"Orientation": 0,
	"Arc": 200,
	"BaseHullDamage": 18,
	"BaseLifeDamage": 5,
	"ExposedQualityDamage": -1,
	"StaggerAmount": 0,
	"BaseWarmUp": 10,
	"Animation": "SalvoSmall",
	"AnimationNumber": 0
},
{
	"Name": "GoldenGunForward",
	"QualityRequired": null,
	"QualityRequiredId": 555040,
	"QualityCost": null,
	"QualityCostId": 0,
	"ExposedQuality": null,
	"ExposedQualityId": 0,
	"Image": null,
	"Description": null,
	"RammingAttack": false,
	"OnlyWhenExposed": false,
	"Range": 250,
	"Orientation": 0,
	"Arc": 50,
	"BaseHullDamage": 16,
	"BaseLifeDamage": 5,
	"ExposedQualityDamage": -1,
	"StaggerAmount": 0,
	"BaseWarmUp": 10,
	"Animation": "SalvoSmall",
	"AnimationNumber": 0
},
{
	"Name": "GoldenGunAft",
	"QualityRequired": null,
	"QualityRequiredId": 555041,
	"QualityCost": null,
	"QualityCostId": 0,
	"ExposedQuality": null,
	"ExposedQualityId": 0,
	"Image": null,
	"Description": null,
	"RammingAttack": false,
	"OnlyWhenExposed": false,
	"Range": 140,
	"Orientation": 180,
	"Arc": 50,
	"BaseHullDamage": 16,
	"BaseLifeDamage": 5,
	"ExposedQualityDamage": -1,
	"StaggerAmount": 0,
	"BaseWarmUp": 10,
	"Animation": "SalvoSmall",
	"AnimationNumber": 0
}
]