[{
	"Name": "Leftovers",
	"Image": "ratsender_square",
	"Description": "Slightly repairs the hull.",
	"AssociatedQuality": null,
	"AssociatedQualityId": 556020,
	"ExoticEffect": null,
	"ExoticEffectName": "RepairSmall",
	"Cooldown": 30,
	"IsInfinate": true,
	"IsUsable": null,
	"IsUsableFuncName": null
},
{
	"Name": "Radiance",
	"Image": "potentflare_ability",
	"Description": "Let this ship be a light in the darkness.",
	"AssociatedQuality": null,
	"AssociatedQualityId": 556025,
	"ExoticEffect": null,
	"ExoticEffectName": "GloriousFlare",
	"Cooldown": 10,
	"IsInfinate": true,
	"IsUsable": null,
	"IsUsableFuncName": "HasTarget"
},
{
	"Name": "Ancient Shadows",
	"Image": "lamppost_square",
	"Description": "Obscures you from view for 5 seconds.",
	"AssociatedQuality": null,
	"AssociatedQualityId": 556033,
	"ExoticEffect": null,
	"ExoticEffectName": "Disappear",
	"Cooldown": 60,
	"IsInfinate": true,
	"IsUsable": null,
	"IsUsableFuncName": "HasTarget"
},
{
	"Name": "Heart of Darkness",
	"Image": "lamppost_square",
	"Description": "Obscures you from view for 5 seconds.",
	"AssociatedQuality": null,
	"AssociatedQualityId": 556036,
	"ExoticEffect": null,
	"ExoticEffectName": "Disappear",
	"Cooldown": 30,
	"IsInfinate": true,
	"IsUsable": null,
	"IsUsableFuncName": "HasTarget"
},
{
	"Name": "Erebusynthesis",
	"Image": "ratsender_square",
	"Description": "Slightly repairs the hull.",
	"AssociatedQuality": null,
	"AssociatedQualityId": 556045,
	"ExoticEffect": null,
	"ExoticEffectName": "RepairSmall",
	"Cooldown": 6,
	"IsInfinate": true,
	"IsUsable": null,
	"IsUsableFuncName": null
}]